Total_area,Bedrooms,Bathrooms,Floors,Balcony,Price,Location_Chennai,Location_Delhi,Location_Hyderabad,Location_Mumbai,Location_Pune,Parking_Yes,Property_type_Independent House,Property_type_Villa,Furnishing_status_Semi-Furnished,Furnishing_status_Unfurnished
2335,4,2,2,3,31567929,0.0,0.0,0.0,0.0,0.0,1.0,1.0,0.0,0.0,1.0
1684,4,3,2,2,22189233,1.0,0.0,0.0,0.0,0.0,1.0,0.0,0.0,0.0,0.0
3269,3,2,2,3,36327685,0.0,0.0,1.0,0.0,0.0,0.0,0.0,1.0,0.0,0.0
2600,2,4,3,2,42948326,0.0,1.0,0.0,0.0,0.0,0.0,1.0,0.0,1.0,0.0
854,4,1,1,0,10528095,0.0,0.0,0.0,0.0,1.0,1.0,1.0,0.0,1.0,0.0
2294,5,3,3,3,29876083,1.0,0.0,0.0,0.0,0.0,1.0,1.0,0.0,1.0,0.0
2510,5,3,2,0,29184949,0.0,0.0,1.0,0.0,0.0,1.0,1.0,0.0,0.0,1.0
784,1,3,3,1,9485160,0.0,0.0,0.0,0.0,1.0,1.0,0.0,1.0,0.0,1.0
1596,4,1,3,3,32274371,0.0,0.0,0.0,1.0,0.0,0.0,0.0,0.0,0.0,1.0
2492,2,2,2,3,25039020,0.0,0.0,0.0,0.0,1.0,1.0,1.0,0.0,1.0,0.0
2909,1,3,3,0,31423973,0.0,0.0,1.0,0.0,0.0,1.0,1.0,0.0,1.0,0.0
1325,5,4,3,0,16509301,0.0,0.0,0.0,0.0,1.0,0.0,0.0,1.0,1.0,0.0
1477,2,4,2,2,20915631,0.0,0.0,0.0,0.0,0.0,0.0,1.0,0.0,0.0,0.0
1370,3,1,2,0,15045496,0.0,0.0,0.0,0.0,1.0,0.0,0.0,1.0,1.0,0.0
1254,2,4,3,3,18985770,0.0,0.0,0.0,0.0,0.0,0.0,0.0,1.0,0.0,1.0
2408,3,3,2,3,32495576,0.0,0.0,0.0,0.0,0.0,0.0,0.0,1.0,1.0,0.0
1496,2,3,2,2,29976140,0.0,0.0,0.0,1.0,0.0,1.0,1.0,0.0,1.0,0.0
1732,5,3,1,3,35748921,0.0,0.0,0.0,1.0,0.0,1.0,0.0,1.0,1.0,0.0
2825,2,4,3,0,54441640,0.0,0.0,0.0,1.0,0.0,1.0,0.0,0.0,0.0,1.0
2416,3,1,2,3,29382602,1.0,0.0,0.0,0.0,0.0,1.0,0.0,1.0,0.0,1.0
1123,2,4,2,3,17334716,0.0,0.0,0.0,0.0,0.0,1.0,0.0,1.0,0.0,0.0
2312,5,4,1,0,45877360,0.0,0.0,0.0,1.0,0.0,0.0,0.0,1.0,1.0,0.0
3396,3,3,3,3,37672433,0.0,0.0,1.0,0.0,0.0,0.0,1.0,0.0,0.0,0.0
3694,5,1,2,3,70186307,0.0,0.0,0.0,1.0,0.0,0.0,0.0,1.0,1.0,0.0
995,5,4,3,0,16024695,1.0,0.0,0.0,0.0,0.0,1.0,0.0,1.0,0.0,0.0
2914,1,4,1,1,54763339,0.0,0.0,0.0,1.0,0.0,1.0,0.0,0.0,0.0,0.0
1100,5,2,2,3,13939257,0.0,0.0,0.0,0.0,1.0,1.0,0.0,0.0,0.0,0.0
2376,3,1,2,2,29179578,1.0,0.0,0.0,0.0,0.0,0.0,0.0,0.0,1.0,0.0
1147,1,2,1,0,18640515,0.0,1.0,0.0,0.0,0.0,1.0,0.0,0.0,0.0,0.0
2572,4,3,2,1,27453358,0.0,0.0,0.0,0.0,1.0,0.0,0.0,1.0,0.0,0.0
2920,3,2,3,2,35705440,1.0,0.0,0.0,0.0,0.0,1.0,0.0,1.0,1.0,0.0
3922,3,1,1,3,42497741,0.0,0.0,1.0,0.0,0.0,0.0,1.0,0.0,1.0,0.0
2784,5,3,2,3,32650448,0.0,0.0,1.0,0.0,0.0,0.0,0.0,0.0,1.0,0.0
1674,4,1,2,0,28374601,0.0,1.0,0.0,0.0,0.0,0.0,1.0,0.0,0.0,0.0
3443,4,4,2,3,45351994,0.0,0.0,0.0,0.0,0.0,1.0,0.0,1.0,1.0,0.0
2124,1,3,1,1,21337371,0.0,0.0,0.0,0.0,1.0,0.0,1.0,0.0,1.0,0.0
2449,3,3,2,1,30726649,1.0,0.0,0.0,0.0,0.0,1.0,0.0,1.0,1.0,0.0
2881,4,4,3,1,39072219,0.0,0.0,0.0,0.0,0.0,0.0,1.0,0.0,0.0,0.0
3335,4,2,1,0,62938667,0.0,0.0,0.0,1.0,0.0,0.0,1.0,0.0,1.0,0.0
754,4,4,1,2,11457744,0.0,0.0,1.0,0.0,0.0,0.0,1.0,0.0,0.0,1.0
3798,4,4,1,3,72961727,0.0,0.0,0.0,1.0,0.0,0.0,1.0,0.0,0.0,0.0
2893,4,2,1,0,55403643,0.0,0.0,0.0,1.0,0.0,1.0,1.0,0.0,0.0,0.0
3553,4,4,3,2,57479283,0.0,1.0,0.0,0.0,0.0,0.0,0.0,0.0,0.0,0.0
3055,4,1,3,3,34673284,0.0,0.0,1.0,0.0,0.0,0.0,1.0,0.0,0.0,1.0
2110,3,2,2,0,26449945,1.0,0.0,0.0,0.0,0.0,0.0,0.0,1.0,1.0,0.0
1830,5,4,3,1,26607345,0.0,0.0,0.0,0.0,0.0,0.0,1.0,0.0,1.0,0.0
3260,3,3,2,1,39555959,1.0,0.0,0.0,0.0,0.0,1.0,0.0,0.0,0.0,0.0
975,2,1,1,2,19861858,0.0,0.0,0.0,1.0,0.0,0.0,1.0,0.0,0.0,1.0
3951,4,3,1,1,75006381,0.0,0.0,0.0,1.0,0.0,0.0,0.0,0.0,1.0,0.0
1965,2,2,2,0,22038151,0.0,0.0,1.0,0.0,0.0,0.0,1.0,0.0,0.0,0.0
1084,1,4,3,0,15767047,0.0,0.0,0.0,0.0,0.0,1.0,0.0,1.0,0.0,0.0
1227,1,2,2,3,20728738,0.0,1.0,0.0,0.0,0.0,0.0,0.0,0.0,0.0,0.0
1578,2,2,3,3,20013518,1.0,0.0,0.0,0.0,0.0,1.0,1.0,0.0,1.0,0.0
718,1,3,2,0,13303214,0.0,1.0,0.0,0.0,0.0,0.0,1.0,0.0,0.0,1.0
1211,1,4,1,3,16388250,1.0,0.0,0.0,0.0,0.0,1.0,0.0,1.0,0.0,0.0
3589,4,2,3,1,40172852,0.0,0.0,1.0,0.0,0.0,1.0,0.0,0.0,0.0,1.0
1292,5,3,2,2,15992719,0.0,0.0,0.0,0.0,1.0,1.0,1.0,0.0,0.0,0.0
1863,1,2,1,3,30406338,0.0,1.0,0.0,0.0,0.0,0.0,0.0,0.0,0.0,1.0
2224,5,1,1,1,30585678,0.0,0.0,0.0,0.0,0.0,0.0,1.0,0.0,1.0,0.0
3553,1,2,3,0,41166227,1.0,0.0,0.0,0.0,0.0,1.0,0.0,1.0,0.0,0.0
3082,3,3,3,1,49680397,0.0,1.0,0.0,0.0,0.0,1.0,0.0,0.0,0.0,1.0
1746,1,1,3,0,18961460,0.0,0.0,1.0,0.0,0.0,1.0,1.0,0.0,0.0,1.0
2054,3,3,3,1,40565003,0.0,0.0,0.0,1.0,0.0,0.0,1.0,0.0,0.0,1.0
3008,1,2,2,1,47664215,0.0,1.0,0.0,0.0,0.0,1.0,0.0,0.0,0.0,0.0
3941,2,3,1,3,38594095,0.0,0.0,0.0,0.0,1.0,0.0,0.0,0.0,0.0,1.0
3558,3,1,3,1,66792044,0.0,0.0,0.0,1.0,0.0,0.0,0.0,0.0,0.0,1.0
2417,5,2,2,1,28036678,0.0,0.0,1.0,0.0,0.0,0.0,1.0,0.0,1.0,0.0
610,2,2,3,3,12640247,0.0,1.0,0.0,0.0,0.0,1.0,0.0,0.0,0.0,0.0
1831,4,1,2,0,23757411,1.0,0.0,0.0,0.0,0.0,1.0,0.0,0.0,1.0,0.0
2689,3,3,2,3,35910910,0.0,0.0,0.0,0.0,0.0,1.0,1.0,0.0,1.0,0.0
1511,2,4,3,0,20294756,1.0,0.0,0.0,0.0,0.0,0.0,0.0,0.0,0.0,0.0
782,5,3,3,1,12891488,1.0,0.0,0.0,0.0,0.0,0.0,0.0,1.0,0.0,1.0
3529,2,2,2,0,66456631,0.0,0.0,0.0,1.0,0.0,1.0,0.0,0.0,1.0,0.0
3206,4,4,1,0,61237376,0.0,0.0,0.0,1.0,0.0,1.0,0.0,1.0,0.0,0.0
774,5,4,3,1,16783321,0.0,1.0,0.0,0.0,0.0,0.0,1.0,0.0,1.0,0.0
2502,4,4,2,0,31482756,1.0,0.0,0.0,0.0,0.0,1.0,0.0,1.0,0.0,0.0
3280,4,4,2,3,37180426,0.0,0.0,1.0,0.0,0.0,0.0,0.0,0.0,0.0,0.0
1903,2,1,3,0,37030182,0.0,0.0,0.0,1.0,0.0,0.0,0.0,1.0,1.0,0.0
3881,2,3,2,0,49855355,0.0,0.0,0.0,0.0,0.0,1.0,0.0,0.0,0.0,1.0
949,2,2,1,2,16357401,0.0,1.0,0.0,0.0,0.0,0.0,0.0,1.0,0.0,0.0
1641,5,2,2,3,23668781,0.0,0.0,0.0,0.0,0.0,0.0,0.0,0.0,0.0,0.0
3604,3,1,3,2,56989789,0.0,1.0,0.0,0.0,0.0,1.0,0.0,0.0,0.0,1.0
1706,5,1,3,2,29736069,0.0,1.0,0.0,0.0,0.0,1.0,0.0,0.0,1.0,0.0
1848,2,3,2,2,25395595,0.0,0.0,0.0,0.0,0.0,1.0,0.0,1.0,1.0,0.0
2994,4,3,2,1,39766498,0.0,0.0,0.0,0.0,0.0,1.0,0.0,1.0,0.0,0.0
1714,5,1,3,0,30026407,0.0,1.0,0.0,0.0,0.0,1.0,1.0,0.0,0.0,0.0
2021,3,3,3,2,39724954,0.0,0.0,0.0,1.0,0.0,0.0,1.0,0.0,0.0,0.0
1085,1,2,1,0,18198603,0.0,1.0,0.0,0.0,0.0,1.0,0.0,0.0,1.0,0.0
1024,5,1,3,2,22248780,0.0,0.0,0.0,1.0,0.0,1.0,0.0,0.0,0.0,1.0
1633,4,1,1,1,22974962,0.0,0.0,0.0,0.0,0.0,1.0,0.0,1.0,0.0,1.0
3777,5,3,2,2,46263512,1.0,0.0,0.0,0.0,0.0,0.0,0.0,1.0,0.0,0.0
3838,1,1,3,2,48165803,0.0,0.0,0.0,0.0,0.0,1.0,1.0,0.0,0.0,0.0
2603,4,2,3,1,29665926,0.0,0.0,1.0,0.0,0.0,0.0,0.0,1.0,1.0,0.0
1156,5,1,2,0,17201385,0.0,0.0,0.0,0.0,0.0,0.0,0.0,0.0,0.0,1.0
3290,3,2,2,0,62176198,0.0,0.0,0.0,1.0,0.0,1.0,0.0,1.0,0.0,0.0
2576,4,2,1,1,50175911,0.0,0.0,0.0,1.0,0.0,1.0,0.0,0.0,0.0,1.0
2827,4,3,1,1,31792916,0.0,0.0,1.0,0.0,0.0,0.0,1.0,0.0,0.0,0.0
3670,1,2,3,0,68263173,0.0,0.0,0.0,1.0,0.0,0.0,1.0,0.0,0.0,1.0
1100,2,4,3,2,15794272,1.0,0.0,0.0,0.0,0.0,0.0,0.0,1.0,0.0,1.0
1785,3,4,1,2,24815471,0.0,0.0,0.0,0.0,0.0,1.0,0.0,0.0,0.0,0.0
1546,2,4,1,2,20067887,1.0,0.0,0.0,0.0,0.0,0.0,1.0,0.0,0.0,0.0
3831,4,1,1,1,71983097,0.0,0.0,0.0,1.0,0.0,0.0,0.0,0.0,0.0,0.0
3991,3,1,3,2,47363565,1.0,0.0,0.0,0.0,0.0,1.0,0.0,0.0,0.0,0.0
3432,1,4,3,2,37585648,0.0,0.0,1.0,0.0,0.0,0.0,0.0,1.0,0.0,1.0
3834,2,4,3,2,46001581,1.0,0.0,0.0,0.0,0.0,1.0,0.0,0.0,1.0,0.0
2961,5,4,1,0,37429444,1.0,0.0,0.0,0.0,0.0,0.0,0.0,0.0,0.0,1.0
2624,5,4,1,2,28587274,0.0,0.0,0.0,0.0,1.0,1.0,0.0,1.0,1.0,0.0
709,1,1,2,2,10516433,0.0,0.0,0.0,0.0,0.0,1.0,0.0,0.0,0.0,1.0
2471,4,4,2,1,41036339,0.0,1.0,0.0,0.0,0.0,1.0,0.0,1.0,0.0,0.0
3419,2,3,3,0,64143357,0.0,0.0,0.0,1.0,0.0,1.0,0.0,0.0,0.0,1.0
2385,3,3,3,1,25090286,0.0,0.0,0.0,0.0,1.0,0.0,0.0,1.0,0.0,0.0
1024,3,1,3,1,21189813,0.0,0.0,0.0,1.0,0.0,0.0,0.0,1.0,0.0,0.0
828,1,2,1,1,14771250,0.0,1.0,0.0,0.0,0.0,1.0,1.0,0.0,0.0,1.0
988,3,3,3,0,13194889,0.0,0.0,1.0,0.0,0.0,0.0,0.0,1.0,0.0,1.0
1382,3,4,2,3,17321212,0.0,0.0,1.0,0.0,0.0,1.0,0.0,1.0,0.0,1.0
2890,4,3,2,1,38729532,0.0,0.0,0.0,0.0,0.0,0.0,0.0,1.0,0.0,0.0
3424,4,3,2,2,65848058,0.0,0.0,0.0,1.0,0.0,1.0,0.0,1.0,0.0,0.0
2718,3,4,2,2,44369869,0.0,1.0,0.0,0.0,0.0,0.0,1.0,0.0,1.0,0.0
1937,5,3,2,3,24017069,0.0,0.0,1.0,0.0,0.0,1.0,0.0,1.0,0.0,1.0
2138,2,2,1,0,22005803,0.0,0.0,0.0,0.0,1.0,1.0,1.0,0.0,1.0,0.0
3735,3,1,3,0,44384425,1.0,0.0,0.0,0.0,0.0,1.0,0.0,0.0,1.0,0.0
3420,4,3,1,1,38083445,0.0,0.0,1.0,0.0,0.0,0.0,0.0,0.0,1.0,0.0
965,3,4,3,0,18457515,0.0,1.0,0.0,0.0,0.0,0.0,1.0,0.0,1.0,0.0
905,1,2,1,0,12347564,0.0,0.0,0.0,0.0,0.0,0.0,0.0,0.0,0.0,1.0
3459,3,1,3,2,55214118,0.0,1.0,0.0,0.0,0.0,1.0,1.0,0.0,0.0,1.0
739,3,4,3,3,17772946,0.0,0.0,0.0,1.0,0.0,0.0,0.0,1.0,0.0,0.0
3245,1,1,2,0,40910076,0.0,0.0,0.0,0.0,0.0,1.0,0.0,0.0,0.0,0.0
3658,4,2,1,1,47352842,0.0,0.0,0.0,0.0,0.0,1.0,1.0,0.0,1.0,0.0
1713,3,3,2,2,34395099,0.0,0.0,0.0,1.0,0.0,1.0,0.0,1.0,1.0,0.0
2642,5,4,1,2,44074099,0.0,1.0,0.0,0.0,0.0,1.0,0.0,0.0,0.0,1.0
1333,1,3,1,3,22238470,0.0,1.0,0.0,0.0,0.0,1.0,1.0,0.0,0.0,0.0
1537,5,1,2,0,17294849,0.0,0.0,0.0,0.0,1.0,0.0,1.0,0.0,1.0,0.0
708,3,3,2,1,11785988,0.0,0.0,0.0,0.0,0.0,1.0,0.0,1.0,0.0,1.0
1880,1,4,3,2,23963026,1.0,0.0,0.0,0.0,0.0,1.0,1.0,0.0,0.0,1.0
2020,4,4,1,0,34034584,0.0,1.0,0.0,0.0,0.0,1.0,0.0,1.0,1.0,0.0
1066,1,2,3,1,14295543,1.0,0.0,0.0,0.0,0.0,0.0,1.0,0.0,0.0,1.0
1996,3,1,1,3,20599183,0.0,0.0,0.0,0.0,1.0,0.0,0.0,1.0,0.0,0.0
3482,5,4,1,0,67574756,0.0,0.0,0.0,1.0,0.0,0.0,1.0,0.0,0.0,1.0
771,4,3,2,3,17824189,0.0,0.0,0.0,1.0,0.0,1.0,1.0,0.0,0.0,1.0
3374,1,4,1,0,63115081,0.0,0.0,0.0,1.0,0.0,0.0,0.0,1.0,0.0,1.0
2296,3,4,2,0,44680414,0.0,0.0,0.0,1.0,0.0,0.0,0.0,1.0,0.0,1.0
1479,2,2,1,2,17045520,0.0,0.0,1.0,0.0,0.0,0.0,0.0,1.0,1.0,0.0
1785,2,4,3,1,21203738,0.0,0.0,1.0,0.0,0.0,0.0,1.0,0.0,0.0,0.0
2625,5,4,2,0,30712912,0.0,0.0,1.0,0.0,0.0,1.0,0.0,1.0,0.0,0.0
828,2,4,1,3,15444931,0.0,1.0,0.0,0.0,0.0,1.0,0.0,1.0,0.0,1.0
2499,2,1,3,3,27583618,0.0,0.0,1.0,0.0,0.0,0.0,0.0,0.0,0.0,1.0
1736,4,1,3,2,21219492,0.0,0.0,1.0,0.0,0.0,1.0,0.0,0.0,0.0,0.0
3554,3,1,1,0,66372004,0.0,0.0,0.0,1.0,0.0,1.0,0.0,0.0,1.0,0.0
3716,1,1,3,3,43333041,1.0,0.0,0.0,0.0,0.0,1.0,0.0,1.0,0.0,0.0
1307,4,2,1,1,18266576,1.0,0.0,0.0,0.0,0.0,1.0,0.0,0.0,0.0,0.0
1467,4,2,3,1,21166775,0.0,0.0,0.0,0.0,0.0,0.0,0.0,1.0,0.0,1.0
3527,5,1,3,0,39186432,0.0,0.0,1.0,0.0,0.0,0.0,0.0,1.0,0.0,1.0
2805,5,2,1,2,35214274,1.0,0.0,0.0,0.0,0.0,1.0,0.0,1.0,1.0,0.0
2028,1,1,3,3,20357415,0.0,0.0,0.0,0.0,1.0,0.0,1.0,0.0,1.0,0.0
2110,1,2,3,3,27597779,0.0,0.0,0.0,0.0,0.0,0.0,0.0,0.0,0.0,0.0
887,2,4,3,1,19546346,0.0,0.0,0.0,1.0,0.0,1.0,0.0,1.0,0.0,1.0
3783,5,3,3,3,43122956,0.0,0.0,1.0,0.0,0.0,1.0,0.0,0.0,0.0,1.0
1692,5,2,2,3,35040841,0.0,0.0,0.0,1.0,0.0,0.0,0.0,1.0,0.0,0.0
3526,2,4,2,1,38442485,0.0,0.0,1.0,0.0,0.0,0.0,0.0,1.0,0.0,1.0
2179,5,4,3,1,26330887,0.0,0.0,1.0,0.0,0.0,1.0,0.0,1.0,0.0,1.0
1662,4,2,2,3,18627729,0.0,0.0,0.0,0.0,1.0,0.0,0.0,0.0,1.0,0.0
695,5,3,3,0,15219357,0.0,1.0,0.0,0.0,0.0,0.0,0.0,0.0,1.0,0.0
890,1,2,3,0,12871217,0.0,0.0,0.0,0.0,0.0,0.0,0.0,0.0,1.0,0.0
1125,5,4,1,3,24760971,0.0,0.0,0.0,1.0,0.0,0.0,0.0,1.0,0.0,1.0
665,1,1,3,2,9694993,0.0,0.0,0.0,0.0,0.0,0.0,0.0,0.0,0.0,0.0
3759,3,2,2,3,71229811,0.0,0.0,0.0,1.0,0.0,1.0,1.0,0.0,0.0,0.0
2949,5,1,2,2,39067635,0.0,0.0,0.0,0.0,0.0,0.0,0.0,1.0,1.0,0.0
2746,2,2,1,0,32185067,1.0,0.0,0.0,0.0,0.0,0.0,0.0,0.0,0.0,0.0
2246,5,4,1,2,45156646,0.0,0.0,0.0,1.0,0.0,1.0,1.0,0.0,1.0,0.0
1221,5,2,2,2,22714371,0.0,1.0,0.0,0.0,0.0,0.0,0.0,1.0,0.0,1.0
2782,5,1,1,2,53782710,0.0,0.0,0.0,1.0,0.0,1.0,1.0,0.0,0.0,0.0
1836,4,2,1,0,36086369,0.0,0.0,0.0,1.0,0.0,1.0,0.0,1.0,0.0,1.0
3130,4,1,2,2,50264535,0.0,1.0,0.0,0.0,0.0,1.0,0.0,0.0,0.0,0.0
1431,3,2,2,1,24877612,0.0,1.0,0.0,0.0,0.0,1.0,0.0,1.0,1.0,0.0
621,4,3,2,3,10993786,1.0,0.0,0.0,0.0,0.0,1.0,1.0,0.0,1.0,0.0
614,3,2,2,3,12673464,0.0,1.0,0.0,0.0,0.0,0.0,0.0,0.0,1.0,0.0
2656,3,1,1,3,26453109,0.0,0.0,0.0,0.0,1.0,1.0,0.0,0.0,1.0,0.0
1244,1,3,3,3,25484618,0.0,0.0,0.0,1.0,0.0,1.0,0.0,0.0,0.0,0.0
681,3,2,3,3,9395144,0.0,0.0,0.0,0.0,1.0,1.0,1.0,0.0,0.0,1.0
1334,3,3,2,1,16626346,0.0,0.0,1.0,0.0,0.0,1.0,0.0,0.0,0.0,0.0
3382,5,2,3,2,55082591,0.0,1.0,0.0,0.0,0.0,1.0,0.0,0.0,0.0,0.0
1966,2,2,2,3,22359487,0.0,0.0,1.0,0.0,0.0,1.0,1.0,0.0,1.0,0.0
1919,4,4,2,2,39274359,0.0,0.0,0.0,1.0,0.0,0.0,0.0,0.0,0.0,1.0
1909,1,1,2,2,36161604,0.0,0.0,0.0,1.0,0.0,1.0,0.0,0.0,0.0,0.0
2389,4,4,2,2,47378291,0.0,0.0,0.0,1.0,0.0,0.0,0.0,1.0,0.0,0.0
3491,5,3,3,2,57252494,0.0,1.0,0.0,0.0,0.0,0.0,0.0,0.0,0.0,1.0
3298,4,2,1,0,33017979,0.0,0.0,0.0,0.0,1.0,0.0,0.0,1.0,0.0,1.0
2710,5,4,2,0,37474391,0.0,0.0,0.0,0.0,0.0,1.0,0.0,1.0,0.0,0.0
3365,4,4,1,0,41058222,1.0,0.0,0.0,0.0,0.0,0.0,0.0,1.0,0.0,1.0
757,2,3,3,3,17005950,0.0,0.0,0.0,1.0,0.0,1.0,0.0,0.0,1.0,0.0
2472,5,4,2,2,49178619,0.0,0.0,0.0,1.0,0.0,1.0,1.0,0.0,1.0,0.0
2229,2,3,2,2,27961256,1.0,0.0,0.0,0.0,0.0,1.0,0.0,1.0,0.0,0.0
2263,3,2,2,2,25871462,0.0,0.0,1.0,0.0,0.0,0.0,0.0,0.0,1.0,0.0
792,4,2,3,0,18438740,0.0,0.0,0.0,1.0,0.0,1.0,0.0,1.0,0.0,1.0
2894,1,2,1,2,28513068,0.0,0.0,0.0,0.0,1.0,1.0,0.0,1.0,0.0,1.0
1489,4,3,3,1,30510696,0.0,0.0,0.0,1.0,0.0,1.0,1.0,0.0,0.0,0.0
2592,1,3,3,3,49162763,0.0,0.0,0.0,1.0,0.0,0.0,0.0,0.0,0.0,0.0
2412,2,3,1,2,27140086,0.0,0.0,1.0,0.0,0.0,0.0,1.0,0.0,0.0,1.0
1099,3,2,1,0,16048260,0.0,0.0,0.0,0.0,0.0,0.0,0.0,1.0,0.0,0.0
665,3,1,3,0,15133533,0.0,0.0,0.0,1.0,0.0,0.0,0.0,1.0,0.0,1.0
3249,1,4,3,1,32146605,0.0,0.0,0.0,0.0,1.0,1.0,0.0,0.0,0.0,0.0
2630,5,4,1,3,43894167,0.0,1.0,0.0,0.0,0.0,1.0,1.0,0.0,1.0,0.0
3927,3,4,3,0,74313958,0.0,0.0,0.0,1.0,0.0,0.0,0.0,1.0,0.0,1.0
3311,1,3,3,2,42529668,0.0,0.0,0.0,0.0,0.0,0.0,1.0,0.0,0.0,1.0
1334,3,3,1,1,17667959,1.0,0.0,0.0,0.0,0.0,0.0,0.0,0.0,0.0,1.0
3772,5,2,2,1,49423320,0.0,0.0,0.0,0.0,0.0,0.0,0.0,0.0,0.0,0.0
769,4,2,3,2,12806861,0.0,0.0,0.0,0.0,0.0,1.0,0.0,0.0,1.0,0.0
720,5,1,2,0,14369425,0.0,1.0,0.0,0.0,0.0,0.0,1.0,0.0,0.0,1.0
3330,2,1,1,0,32284336,0.0,0.0,0.0,0.0,1.0,1.0,0.0,0.0,0.0,1.0
3800,3,2,3,3,37843813,0.0,0.0,0.0,0.0,1.0,0.0,0.0,0.0,1.0,0.0
3178,1,1,1,3,33630087,0.0,0.0,1.0,0.0,0.0,1.0,1.0,0.0,1.0,0.0
1278,3,3,1,3,18713764,0.0,0.0,0.0,0.0,0.0,1.0,0.0,1.0,1.0,0.0
2429,3,4,2,0,25852126,0.0,0.0,0.0,0.0,1.0,0.0,0.0,0.0,0.0,1.0
2186,5,1,2,3,30043373,0.0,0.0,0.0,0.0,0.0,0.0,0.0,0.0,0.0,1.0
2610,3,1,2,0,26556709,0.0,0.0,0.0,0.0,1.0,0.0,1.0,0.0,0.0,0.0
1967,3,2,1,3,23138441,0.0,0.0,1.0,0.0,0.0,0.0,0.0,1.0,0.0,1.0
623,5,4,2,0,12362619,0.0,0.0,0.0,0.0,0.0,1.0,0.0,0.0,1.0,0.0
2032,2,1,3,3,23444897,0.0,0.0,1.0,0.0,0.0,1.0,0.0,1.0,0.0,0.0
885,2,1,3,2,18750341,0.0,0.0,0.0,1.0,0.0,1.0,0.0,1.0,1.0,0.0
1665,5,2,1,2,19393694,0.0,0.0,0.0,0.0,1.0,1.0,0.0,1.0,0.0,1.0
3020,5,1,1,2,49497963,0.0,1.0,0.0,0.0,0.0,1.0,0.0,0.0,1.0,0.0
1984,3,3,2,2,23215979,0.0,0.0,1.0,0.0,0.0,1.0,0.0,0.0,1.0,0.0
605,1,4,3,1,9239508,1.0,0.0,0.0,0.0,0.0,0.0,0.0,1.0,1.0,0.0
3487,5,2,3,0,56834614,0.0,1.0,0.0,0.0,0.0,1.0,1.0,0.0,1.0,0.0
897,1,1,3,1,18008357,0.0,0.0,0.0,1.0,0.0,1.0,1.0,0.0,0.0,0.0
3284,4,2,3,2,53254196,0.0,1.0,0.0,0.0,0.0,1.0,0.0,1.0,0.0,0.0
3963,2,2,1,3,42214391,0.0,0.0,1.0,0.0,0.0,1.0,1.0,0.0,0.0,1.0
2624,1,3,3,1,50326856,0.0,0.0,0.0,1.0,0.0,1.0,0.0,0.0,0.0,1.0
1014,3,3,2,0,15667091,0.0,0.0,0.0,0.0,0.0,1.0,0.0,1.0,1.0,0.0
2071,1,3,3,0,27632770,0.0,0.0,0.0,0.0,0.0,0.0,0.0,0.0,0.0,1.0
1300,2,4,1,2,17376687,1.0,0.0,0.0,0.0,0.0,0.0,0.0,0.0,0.0,0.0
763,5,3,2,3,12003349,0.0,0.0,1.0,0.0,0.0,0.0,0.0,1.0,0.0,1.0
1797,2,2,1,0,22175601,1.0,0.0,0.0,0.0,0.0,0.0,0.0,0.0,0.0,0.0
1102,3,1,1,1,22326875,0.0,0.0,0.0,1.0,0.0,0.0,0.0,1.0,0.0,1.0
2349,5,2,2,3,30229046,1.0,0.0,0.0,0.0,0.0,0.0,0.0,1.0,0.0,1.0
3023,3,4,2,3,31487263,0.0,0.0,0.0,0.0,1.0,0.0,0.0,0.0,1.0,0.0
1280,4,2,3,0,15672810,0.0,0.0,0.0,0.0,1.0,1.0,1.0,0.0,0.0,0.0
1792,1,3,2,0,19829745,0.0,0.0,1.0,0.0,0.0,1.0,0.0,0.0,0.0,0.0
1163,1,4,2,1,13020074,0.0,0.0,0.0,0.0,1.0,0.0,0.0,1.0,0.0,0.0
926,1,4,2,3,16400425,0.0,1.0,0.0,0.0,0.0,0.0,0.0,1.0,0.0,0.0
1969,1,2,1,0,23360882,1.0,0.0,0.0,0.0,0.0,0.0,0.0,1.0,1.0,0.0
1640,1,2,2,3,27354882,0.0,1.0,0.0,0.0,0.0,1.0,0.0,0.0,1.0,0.0
3247,3,1,3,3,42440421,0.0,0.0,0.0,0.0,0.0,1.0,1.0,0.0,0.0,1.0
3438,4,3,3,3,42273383,1.0,0.0,0.0,0.0,0.0,1.0,0.0,1.0,1.0,0.0
3767,2,3,1,3,37198041,0.0,0.0,0.0,0.0,1.0,0.0,0.0,0.0,0.0,0.0
3703,2,3,2,1,36396912,0.0,0.0,0.0,0.0,1.0,1.0,0.0,0.0,0.0,1.0
1349,5,3,3,2,21097162,0.0,0.0,0.0,0.0,0.0,1.0,0.0,0.0,0.0,1.0
863,3,3,3,0,13816177,0.0,0.0,0.0,0.0,0.0,1.0,0.0,0.0,0.0,0.0
2893,5,2,2,3,36485153,1.0,0.0,0.0,0.0,0.0,0.0,0.0,1.0,1.0,0.0
1330,2,2,1,0,13977377,0.0,0.0,0.0,0.0,1.0,0.0,0.0,1.0,1.0,0.0
2151,3,1,3,0,34946977,0.0,1.0,0.0,0.0,0.0,0.0,0.0,1.0,0.0,1.0
2198,2,4,2,0,27149955,1.0,0.0,0.0,0.0,0.0,0.0,1.0,0.0,1.0,0.0
1905,1,2,1,2,35964660,0.0,0.0,0.0,1.0,0.0,1.0,0.0,0.0,1.0,0.0
1391,4,2,1,3,24810741,0.0,1.0,0.0,0.0,0.0,0.0,0.0,1.0,1.0,0.0
1379,4,3,3,2,16264755,0.0,0.0,0.0,0.0,1.0,0.0,0.0,0.0,0.0,1.0
779,3,2,2,2,15340251,0.0,1.0,0.0,0.0,0.0,1.0,1.0,0.0,0.0,0.0
3382,1,4,1,3,36531136,0.0,0.0,1.0,0.0,0.0,1.0,0.0,0.0,0.0,0.0
1454,2,4,1,0,20298963,0.0,0.0,0.0,0.0,0.0,0.0,0.0,1.0,1.0,0.0
3080,5,3,2,2,38040419,1.0,0.0,0.0,0.0,0.0,0.0,1.0,0.0,0.0,0.0
2662,1,2,3,1,50411635,0.0,0.0,0.0,1.0,0.0,1.0,0.0,1.0,0.0,1.0
2986,3,4,1,0,33163233,0.0,0.0,1.0,0.0,0.0,1.0,0.0,1.0,0.0,0.0
3252,3,2,3,3,42799722,0.0,0.0,0.0,0.0,0.0,0.0,0.0,0.0,0.0,0.0
2946,3,4,3,3,34023121,0.0,0.0,1.0,0.0,0.0,0.0,0.0,1.0,0.0,0.0
1185,4,3,1,2,17193848,1.0,0.0,0.0,0.0,0.0,1.0,1.0,0.0,1.0,0.0
750,1,3,1,1,9012004,0.0,0.0,0.0,0.0,1.0,0.0,1.0,0.0,1.0,0.0
2407,3,2,1,2,31586314,0.0,0.0,0.0,0.0,0.0,0.0,1.0,0.0,0.0,1.0
1634,2,4,3,2,19481216,0.0,0.0,1.0,0.0,0.0,1.0,1.0,0.0,0.0,0.0
1853,3,2,3,2,19803069,0.0,0.0,0.0,0.0,1.0,1.0,1.0,0.0,0.0,1.0
3660,5,2,2,2,69813750,0.0,0.0,0.0,1.0,0.0,1.0,0.0,1.0,1.0,0.0
2146,1,3,1,0,34689258,0.0,1.0,0.0,0.0,0.0,0.0,0.0,0.0,1.0,0.0
3591,3,1,1,2,35079038,0.0,0.0,0.0,0.0,1.0,0.0,1.0,0.0,0.0,1.0
3303,5,1,3,1,53690472,0.0,1.0,0.0,0.0,0.0,0.0,1.0,0.0,0.0,0.0
3297,5,2,1,3,63051479,0.0,0.0,0.0,1.0,0.0,0.0,0.0,0.0,0.0,0.0
3277,1,4,3,1,35398124,0.0,0.0,1.0,0.0,0.0,1.0,0.0,0.0,0.0,1.0
1885,3,3,2,0,22214181,0.0,0.0,1.0,0.0,0.0,1.0,1.0,0.0,1.0,0.0
1696,1,3,2,3,28210783,0.0,1.0,0.0,0.0,0.0,0.0,0.0,0.0,0.0,1.0
1948,5,1,1,1,26589365,0.0,0.0,0.0,0.0,0.0,1.0,0.0,1.0,0.0,0.0
2432,1,1,1,2,28506393,1.0,0.0,0.0,0.0,0.0,0.0,0.0,0.0,0.0,1.0
3845,1,1,2,1,48423545,0.0,0.0,0.0,0.0,0.0,0.0,1.0,0.0,0.0,1.0
3774,3,4,3,1,41510806,0.0,0.0,1.0,0.0,0.0,0.0,1.0,0.0,0.0,1.0
3367,5,2,3,3,34728561,0.0,0.0,0.0,0.0,1.0,0.0,0.0,0.0,1.0,0.0
752,5,1,2,0,16959511,0.0,0.0,0.0,1.0,0.0,0.0,1.0,0.0,0.0,1.0
1341,3,3,1,0,15604110,0.0,0.0,0.0,0.0,1.0,0.0,1.0,0.0,1.0,0.0
1362,1,4,2,0,27040013,0.0,0.0,0.0,1.0,0.0,1.0,1.0,0.0,0.0,0.0
1979,3,3,2,1,33198861,0.0,1.0,0.0,0.0,0.0,0.0,1.0,0.0,0.0,0.0
2469,4,4,3,0,34252500,0.0,0.0,0.0,0.0,0.0,0.0,0.0,0.0,0.0,1.0
1629,2,3,2,0,20903814,1.0,0.0,0.0,0.0,0.0,1.0,0.0,1.0,1.0,0.0
1940,5,3,1,3,21804082,0.0,0.0,0.0,0.0,1.0,0.0,1.0,0.0,0.0,0.0
2399,5,2,2,2,40175246,0.0,1.0,0.0,0.0,0.0,0.0,1.0,0.0,1.0,0.0
2451,4,3,2,0,40941526,0.0,1.0,0.0,0.0,0.0,0.0,0.0,0.0,1.0,0.0
3820,2,1,1,2,43978867,1.0,0.0,0.0,0.0,0.0,1.0,0.0,0.0,0.0,0.0
990,4,3,1,2,18951641,0.0,1.0,0.0,0.0,0.0,1.0,0.0,0.0,0.0,0.0
3049,2,4,1,1,48698399,0.0,1.0,0.0,0.0,0.0,1.0,1.0,0.0,0.0,0.0
3750,5,1,1,0,44690879,1.0,0.0,0.0,0.0,0.0,1.0,0.0,1.0,0.0,1.0
674,4,2,2,2,12047573,0.0,0.0,0.0,0.0,0.0,0.0,1.0,0.0,0.0,0.0
3141,3,3,1,2,37629879,1.0,0.0,0.0,0.0,0.0,0.0,0.0,0.0,0.0,1.0
3706,5,1,1,0,69979797,0.0,0.0,0.0,1.0,0.0,0.0,0.0,0.0,0.0,1.0
3538,2,2,2,1,37813683,0.0,0.0,1.0,0.0,0.0,1.0,1.0,0.0,0.0,0.0
1162,3,4,2,2,16362025,1.0,0.0,0.0,0.0,0.0,0.0,0.0,1.0,1.0,0.0
3057,1,1,2,0,47719522,0.0,1.0,0.0,0.0,0.0,0.0,1.0,0.0,1.0,0.0
2810,5,4,2,2,38131083,0.0,0.0,0.0,0.0,0.0,1.0,1.0,0.0,0.0,0.0
2473,1,1,2,3,46291705,0.0,0.0,0.0,1.0,0.0,0.0,1.0,0.0,1.0,0.0
1382,1,4,3,2,23553743,0.0,1.0,0.0,0.0,0.0,0.0,1.0,0.0,0.0,1.0
2967,1,1,2,1,31909397,0.0,0.0,1.0,0.0,0.0,1.0,0.0,0.0,0.0,0.0
1208,1,4,2,1,17360546,0.0,0.0,0.0,0.0,0.0,1.0,1.0,0.0,1.0,0.0
1981,4,2,1,1,23384144,0.0,0.0,1.0,0.0,0.0,0.0,0.0,1.0,0.0,1.0
2431,4,1,1,0,24806009,0.0,0.0,0.0,0.0,1.0,0.0,0.0,1.0,0.0,1.0
2387,3,4,3,2,30264799,1.0,0.0,0.0,0.0,0.0,0.0,0.0,1.0,0.0,1.0
1881,3,3,3,0,31553630,0.0,1.0,0.0,0.0,0.0,1.0,0.0,1.0,0.0,0.0
2566,2,4,3,1,31376562,1.0,0.0,0.0,0.0,0.0,1.0,1.0,0.0,0.0,0.0
2010,2,2,2,3,26763867,0.0,0.0,0.0,0.0,0.0,1.0,0.0,0.0,1.0,0.0
3505,4,3,3,1,67207491,0.0,0.0,0.0,1.0,0.0,1.0,1.0,0.0,1.0,0.0
1106,1,4,2,0,15235401,1.0,0.0,0.0,0.0,0.0,1.0,1.0,0.0,0.0,0.0
1498,5,3,3,0,22861791,0.0,0.0,0.0,0.0,0.0,1.0,0.0,1.0,0.0,0.0
3043,2,1,2,2,30239613,0.0,0.0,0.0,0.0,1.0,1.0,1.0,0.0,0.0,0.0
2818,1,3,1,3,36169982,0.0,0.0,0.0,0.0,0.0,0.0,1.0,0.0,0.0,0.0
2198,4,1,3,2,36814577,0.0,1.0,0.0,0.0,0.0,0.0,0.0,0.0,1.0,0.0
748,2,4,3,0,16611111,0.0,0.0,0.0,1.0,0.0,0.0,0.0,1.0,0.0,0.0
3543,3,3,3,2,38831035,0.0,0.0,1.0,0.0,0.0,0.0,0.0,1.0,0.0,0.0
1038,1,2,1,0,12239673,0.0,0.0,1.0,0.0,0.0,1.0,0.0,1.0,0.0,0.0
3659,3,3,2,3,47255211,0.0,0.0,0.0,0.0,0.0,0.0,1.0,0.0,1.0,0.0
716,2,2,3,3,13458395,0.0,1.0,0.0,0.0,0.0,0.0,0.0,1.0,1.0,0.0
3091,3,4,2,1,31740019,0.0,0.0,0.0,0.0,1.0,0.0,0.0,0.0,0.0,1.0
3053,2,1,3,2,36442556,1.0,0.0,0.0,0.0,0.0,1.0,1.0,0.0,0.0,0.0
2231,1,3,1,0,35606744,0.0,1.0,0.0,0.0,0.0,1.0,1.0,0.0,0.0,0.0
1470,2,4,3,1,21472349,0.0,0.0,0.0,0.0,0.0,1.0,0.0,0.0,0.0,1.0
627,5,1,1,1,14511051,0.0,0.0,0.0,1.0,0.0,0.0,1.0,0.0,0.0,1.0
3637,4,3,2,3,47497012,0.0,0.0,0.0,0.0,0.0,1.0,0.0,0.0,0.0,1.0
2398,4,3,3,0,25281326,0.0,0.0,0.0,0.0,1.0,1.0,1.0,0.0,1.0,0.0
611,4,3,3,2,11345109,1.0,0.0,0.0,0.0,0.0,1.0,0.0,0.0,0.0,0.0
3359,5,2,2,3,37720615,0.0,0.0,1.0,0.0,0.0,0.0,0.0,0.0,0.0,1.0
2612,3,4,2,2,29819036,0.0,0.0,1.0,0.0,0.0,0.0,1.0,0.0,0.0,1.0
2638,1,2,1,2,28076478,0.0,0.0,1.0,0.0,0.0,0.0,0.0,0.0,0.0,0.0
903,3,1,1,3,18867524,0.0,0.0,0.0,1.0,0.0,0.0,1.0,0.0,0.0,0.0
1000,3,1,1,0,14495777,0.0,0.0,0.0,0.0,0.0,1.0,1.0,0.0,0.0,0.0
3727,2,1,1,3,39538211,0.0,0.0,1.0,0.0,0.0,1.0,1.0,0.0,0.0,1.0
2693,5,1,3,2,36855899,0.0,0.0,0.0,0.0,0.0,0.0,0.0,0.0,1.0,0.0
3741,3,1,2,3,36609495,0.0,0.0,0.0,0.0,1.0,0.0,1.0,0.0,0.0,0.0
2725,3,4,1,1,44041083,0.0,1.0,0.0,0.0,0.0,1.0,0.0,1.0,0.0,0.0
2369,3,1,3,2,31434543,0.0,0.0,0.0,0.0,0.0,1.0,0.0,0.0,0.0,1.0
3391,2,2,1,1,36676517,0.0,0.0,1.0,0.0,0.0,1.0,1.0,0.0,0.0,0.0
1657,4,1,3,0,23612558,0.0,0.0,0.0,0.0,0.0,0.0,1.0,0.0,0.0,1.0
1802,5,1,3,1,36437598,0.0,0.0,0.0,1.0,0.0,0.0,1.0,0.0,0.0,1.0
903,3,2,2,0,12041301,0.0,0.0,1.0,0.0,0.0,1.0,1.0,0.0,1.0,0.0
1355,2,4,2,0,16787184,0.0,0.0,1.0,0.0,0.0,0.0,0.0,0.0,0.0,0.0
3610,5,2,3,1,40794391,0.0,0.0,1.0,0.0,0.0,0.0,0.0,0.0,1.0,0.0
2315,5,4,2,1,30385481,1.0,0.0,0.0,0.0,0.0,1.0,0.0,0.0,0.0,0.0
3190,4,2,2,2,38664724,1.0,0.0,0.0,0.0,0.0,1.0,0.0,1.0,0.0,1.0
3235,5,4,1,1,63036749,0.0,0.0,0.0,1.0,0.0,0.0,1.0,0.0,0.0,0.0
1175,1,3,1,3,16822029,0.0,0.0,0.0,0.0,0.0,1.0,1.0,0.0,0.0,1.0
1300,2,4,2,0,26207171,0.0,0.0,0.0,1.0,0.0,0.0,0.0,1.0,1.0,0.0
622,5,1,2,3,15377321,0.0,0.0,0.0,1.0,0.0,1.0,1.0,0.0,1.0,0.0
2402,1,2,2,2,28675579,1.0,0.0,0.0,0.0,0.0,0.0,1.0,0.0,0.0,1.0
2751,2,4,1,1,33608417,1.0,0.0,0.0,0.0,0.0,0.0,0.0,1.0,0.0,1.0
2609,3,4,3,1,51244562,0.0,0.0,0.0,1.0,0.0,1.0,1.0,0.0,1.0,0.0
3185,3,2,1,3,31749096,0.0,0.0,0.0,0.0,1.0,1.0,0.0,1.0,1.0,0.0
1458,1,4,1,3,18962604,1.0,0.0,0.0,0.0,0.0,1.0,0.0,0.0,1.0,0.0
1380,3,3,1,3,18721447,1.0,0.0,0.0,0.0,0.0,0.0,0.0,0.0,0.0,0.0
2579,3,4,3,0,27180251,0.0,0.0,0.0,0.0,1.0,0.0,0.0,0.0,1.0,0.0
3857,4,4,1,0,49914438,0.0,0.0,0.0,0.0,0.0,0.0,1.0,0.0,0.0,1.0
1103,5,3,1,3,17678103,0.0,0.0,0.0,0.0,0.0,1.0,0.0,1.0,0.0,1.0
2263,5,3,2,2,44846561,0.0,0.0,0.0,1.0,0.0,1.0,1.0,0.0,1.0,0.0
849,4,1,2,3,11049252,0.0,0.0,0.0,0.0,1.0,1.0,1.0,0.0,0.0,1.0
882,5,1,2,0,14420617,0.0,0.0,0.0,0.0,0.0,0.0,0.0,1.0,0.0,1.0
2146,1,1,2,2,23334626,0.0,0.0,1.0,0.0,0.0,1.0,0.0,0.0,1.0,0.0
3861,5,1,3,1,42638798,0.0,0.0,1.0,0.0,0.0,1.0,1.0,0.0,0.0,0.0
3198,1,2,3,3,31243629,0.0,0.0,0.0,0.0,1.0,1.0,1.0,0.0,0.0,0.0
3150,2,3,2,0,31353714,0.0,0.0,0.0,0.0,1.0,1.0,0.0,0.0,1.0,0.0
2763,2,4,3,0,36889141,0.0,0.0,0.0,0.0,0.0,0.0,0.0,0.0,1.0,0.0
3034,3,2,1,1,48048397,0.0,1.0,0.0,0.0,0.0,1.0,1.0,0.0,0.0,0.0
3050,1,3,2,1,36443216,1.0,0.0,0.0,0.0,0.0,0.0,0.0,0.0,1.0,0.0
1376,2,4,2,1,15633814,0.0,0.0,0.0,0.0,1.0,0.0,1.0,0.0,0.0,1.0
3365,4,3,2,3,41545794,1.0,0.0,0.0,0.0,0.0,1.0,0.0,1.0,0.0,0.0
834,1,2,3,1,15065530,0.0,1.0,0.0,0.0,0.0,0.0,1.0,0.0,0.0,1.0
3331,3,3,2,0,43686148,0.0,0.0,0.0,0.0,0.0,0.0,1.0,0.0,1.0,0.0
2857,5,1,1,1,46224276,0.0,1.0,0.0,0.0,0.0,0.0,1.0,0.0,0.0,0.0
3203,5,4,1,2,33912292,0.0,0.0,0.0,0.0,1.0,0.0,0.0,0.0,0.0,0.0
3235,5,4,1,2,33345465,0.0,0.0,0.0,0.0,1.0,1.0,1.0,0.0,1.0,0.0
1123,3,3,2,2,20677647,0.0,1.0,0.0,0.0,0.0,1.0,1.0,0.0,1.0,0.0
2299,4,1,2,2,24136278,0.0,0.0,0.0,0.0,1.0,1.0,0.0,0.0,0.0,1.0
2326,5,4,3,2,47021241,0.0,0.0,0.0,1.0,0.0,1.0,1.0,0.0,1.0,0.0
2038,4,4,2,1,29155248,0.0,0.0,0.0,0.0,0.0,0.0,0.0,0.0,0.0,1.0
1924,5,2,1,2,25506257,1.0,0.0,0.0,0.0,0.0,1.0,0.0,0.0,0.0,1.0
739,5,1,2,3,11074191,0.0,0.0,0.0,0.0,1.0,0.0,0.0,1.0,0.0,0.0
2472,4,1,2,2,27929142,0.0,0.0,1.0,0.0,0.0,0.0,1.0,0.0,0.0,1.0
2400,1,2,2,3,31331822,0.0,0.0,0.0,0.0,0.0,0.0,0.0,1.0,0.0,0.0
965,1,4,1,0,19661930,0.0,0.0,0.0,1.0,0.0,1.0,0.0,1.0,0.0,1.0
652,3,3,2,0,14722828,0.0,0.0,0.0,1.0,0.0,0.0,1.0,0.0,0.0,1.0
1735,3,4,2,2,34919011,0.0,0.0,0.0,1.0,0.0,0.0,0.0,0.0,0.0,0.0
1170,4,3,1,2,14569309,0.0,0.0,0.0,0.0,1.0,1.0,0.0,1.0,0.0,0.0
3240,1,1,3,2,41223057,0.0,0.0,0.0,0.0,0.0,1.0,1.0,0.0,0.0,1.0
2619,2,1,2,3,42001030,0.0,1.0,0.0,0.0,0.0,0.0,0.0,0.0,0.0,1.0
2863,1,4,3,2,46316958,0.0,1.0,0.0,0.0,0.0,0.0,0.0,1.0,0.0,1.0
1970,1,4,2,2,24505669,1.0,0.0,0.0,0.0,0.0,1.0,0.0,0.0,0.0,1.0
1647,3,1,2,0,19563956,0.0,0.0,1.0,0.0,0.0,1.0,1.0,0.0,0.0,0.0
1297,4,1,2,1,18662148,0.0,0.0,0.0,0.0,0.0,0.0,1.0,0.0,0.0,1.0
3705,2,2,2,0,68800101,0.0,0.0,0.0,1.0,0.0,1.0,0.0,0.0,0.0,1.0
3416,1,3,2,0,43727938,0.0,0.0,0.0,0.0,0.0,0.0,0.0,0.0,0.0,1.0
2869,2,2,1,0,37053630,0.0,0.0,0.0,0.0,0.0,0.0,0.0,1.0,0.0,0.0
839,5,4,2,0,12645007,0.0,0.0,0.0,0.0,1.0,1.0,0.0,1.0,1.0,0.0
1713,5,1,3,2,21301782,0.0,0.0,1.0,0.0,0.0,1.0,0.0,1.0,0.0,0.0
1000,4,3,1,1,14758569,1.0,0.0,0.0,0.0,0.0,0.0,0.0,0.0,0.0,0.0
606,2,1,3,2,7821499,0.0,0.0,0.0,0.0,1.0,1.0,0.0,1.0,0.0,1.0
3689,1,3,3,0,58073711,0.0,1.0,0.0,0.0,0.0,1.0,1.0,0.0,1.0,0.0
2130,3,2,2,3,26954886,1.0,0.0,0.0,0.0,0.0,0.0,0.0,1.0,0.0,0.0
3984,4,3,1,3,52025130,0.0,0.0,0.0,0.0,0.0,1.0,0.0,1.0,0.0,1.0
3218,5,4,1,1,33927996,0.0,0.0,0.0,0.0,1.0,1.0,0.0,1.0,0.0,0.0
1663,3,4,3,0,20681317,0.0,0.0,1.0,0.0,0.0,0.0,0.0,0.0,0.0,0.0
700,4,2,1,1,14088393,0.0,1.0,0.0,0.0,0.0,1.0,1.0,0.0,0.0,0.0
1648,2,3,2,3,17642045,0.0,0.0,0.0,0.0,1.0,1.0,0.0,0.0,0.0,1.0
1877,5,2,1,1,38005957,0.0,0.0,0.0,1.0,0.0,0.0,1.0,0.0,0.0,1.0
2612,4,3,1,3,32450137,1.0,0.0,0.0,0.0,0.0,0.0,0.0,1.0,0.0,0.0
2532,2,2,1,3,25432277,0.0,0.0,0.0,0.0,1.0,1.0,1.0,0.0,0.0,1.0
2278,5,3,3,1,27363236,0.0,0.0,1.0,0.0,0.0,1.0,0.0,0.0,0.0,1.0
985,1,2,3,2,20256288,0.0,0.0,0.0,1.0,0.0,0.0,0.0,1.0,0.0,0.0
3396,4,4,2,0,38270033,0.0,0.0,1.0,0.0,0.0,1.0,1.0,0.0,0.0,1.0
2006,1,1,3,3,19904695,0.0,0.0,0.0,0.0,1.0,1.0,1.0,0.0,0.0,0.0
2965,5,3,2,1,30996381,0.0,0.0,0.0,0.0,1.0,0.0,1.0,0.0,0.0,1.0
1891,4,4,3,3,21722094,0.0,0.0,0.0,0.0,1.0,1.0,0.0,1.0,0.0,0.0
1932,2,2,2,1,31462230,0.0,1.0,0.0,0.0,0.0,0.0,0.0,0.0,0.0,0.0
3053,1,1,1,3,38583245,0.0,0.0,0.0,0.0,0.0,1.0,0.0,1.0,0.0,1.0
830,2,3,2,3,11998344,1.0,0.0,0.0,0.0,0.0,1.0,0.0,1.0,0.0,0.0
1518,1,1,3,3,29434570,0.0,0.0,0.0,1.0,0.0,0.0,1.0,0.0,0.0,0.0
880,5,1,3,3,12833014,0.0,0.0,1.0,0.0,0.0,0.0,0.0,1.0,0.0,1.0
902,5,1,3,1,17419911,0.0,1.0,0.0,0.0,0.0,0.0,0.0,1.0,0.0,0.0
2157,2,2,3,2,22647607,0.0,0.0,0.0,0.0,1.0,0.0,1.0,0.0,0.0,0.0
1287,3,2,1,0,15532573,0.0,0.0,1.0,0.0,0.0,0.0,0.0,0.0,0.0,1.0
2510,2,4,3,1,25905310,0.0,0.0,0.0,0.0,1.0,1.0,0.0,1.0,0.0,1.0
2524,4,1,2,1,48505661,0.0,0.0,0.0,1.0,0.0,1.0,1.0,0.0,0.0,1.0
2470,4,2,1,2,40199348,0.0,1.0,0.0,0.0,0.0,1.0,1.0,0.0,1.0,0.0
3011,3,3,3,2,36984190,1.0,0.0,0.0,0.0,0.0,0.0,0.0,0.0,0.0,0.0
1787,2,3,3,2,24253558,0.0,0.0,0.0,0.0,0.0,1.0,0.0,1.0,0.0,0.0
2772,4,4,1,1,37272907,0.0,0.0,0.0,0.0,0.0,0.0,0.0,1.0,0.0,1.0
1540,4,2,2,0,21781894,0.0,0.0,0.0,0.0,0.0,0.0,0.0,0.0,1.0,0.0
2560,2,2,3,3,49031304,0.0,0.0,0.0,1.0,0.0,1.0,0.0,0.0,1.0,0.0
3246,3,4,1,0,61781506,0.0,0.0,0.0,1.0,0.0,1.0,0.0,1.0,0.0,0.0
1161,2,3,2,3,24431712,0.0,0.0,0.0,1.0,0.0,0.0,0.0,1.0,0.0,0.0
2310,4,2,3,0,26565945,0.0,0.0,1.0,0.0,0.0,1.0,1.0,0.0,1.0,0.0
2488,2,2,2,0,30107512,1.0,0.0,0.0,0.0,0.0,0.0,0.0,0.0,0.0,1.0
3280,2,2,2,0,31910513,0.0,0.0,0.0,0.0,1.0,1.0,0.0,0.0,0.0,1.0
2549,3,1,3,0,28657513,0.0,0.0,1.0,0.0,0.0,1.0,0.0,0.0,1.0,0.0
2171,3,1,2,3,42308651,0.0,0.0,0.0,1.0,0.0,0.0,1.0,0.0,0.0,1.0
713,4,4,3,2,17469230,0.0,0.0,0.0,1.0,0.0,0.0,1.0,0.0,0.0,1.0
2824,2,1,1,2,35798721,0.0,0.0,0.0,0.0,0.0,0.0,0.0,1.0,0.0,1.0
3478,5,3,2,0,67261808,0.0,0.0,0.0,1.0,0.0,1.0,0.0,1.0,1.0,0.0
3607,2,4,1,1,35877970,0.0,0.0,0.0,0.0,1.0,1.0,0.0,0.0,0.0,0.0
3145,2,2,3,0,59669940,0.0,0.0,0.0,1.0,0.0,1.0,0.0,0.0,0.0,0.0
3939,2,3,2,1,73802735,0.0,0.0,0.0,1.0,0.0,1.0,0.0,0.0,0.0,0.0
3181,4,1,1,2,41813784,0.0,0.0,0.0,0.0,0.0,1.0,1.0,0.0,1.0,0.0
1096,2,3,3,1,19426282,0.0,1.0,0.0,0.0,0.0,1.0,0.0,0.0,1.0,0.0
2922,2,3,1,2,34961516,1.0,0.0,0.0,0.0,0.0,0.0,0.0,0.0,0.0,1.0
3015,3,2,3,1,36181367,1.0,0.0,0.0,0.0,0.0,0.0,0.0,1.0,0.0,0.0
2871,2,4,2,0,54727830,0.0,0.0,0.0,1.0,0.0,0.0,0.0,1.0,1.0,0.0
3862,3,1,3,1,41385214,0.0,0.0,1.0,0.0,0.0,1.0,0.0,0.0,1.0,0.0
3575,3,2,1,0,42611825,1.0,0.0,0.0,0.0,0.0,1.0,0.0,0.0,0.0,1.0
2482,2,3,1,0,30216732,1.0,0.0,0.0,0.0,0.0,1.0,1.0,0.0,1.0,0.0
2090,2,4,2,0,21557793,0.0,0.0,0.0,0.0,1.0,1.0,0.0,0.0,0.0,1.0
3461,1,4,3,3,34538683,0.0,0.0,0.0,0.0,1.0,0.0,1.0,0.0,0.0,0.0
2864,3,3,2,0,37659345,0.0,0.0,0.0,0.0,0.0,0.0,0.0,1.0,1.0,0.0
901,4,4,1,3,12348303,0.0,0.0,0.0,0.0,1.0,0.0,1.0,0.0,0.0,0.0
2800,2,2,3,0,33561030,1.0,0.0,0.0,0.0,0.0,0.0,0.0,0.0,1.0,0.0
3382,4,2,1,1,64279619,0.0,0.0,0.0,1.0,0.0,0.0,0.0,0.0,1.0,0.0
3089,3,3,3,0,37967041,1.0,0.0,0.0,0.0,0.0,0.0,1.0,0.0,0.0,0.0
1529,3,4,2,3,20856880,1.0,0.0,0.0,0.0,0.0,1.0,0.0,1.0,1.0,0.0
2233,5,3,3,2,45287530,0.0,0.0,0.0,1.0,0.0,0.0,0.0,0.0,1.0,0.0
2088,2,4,2,2,28505043,0.0,0.0,0.0,0.0,0.0,1.0,1.0,0.0,1.0,0.0
2152,5,4,3,0,36831874,0.0,1.0,0.0,0.0,0.0,1.0,1.0,0.0,0.0,1.0
3994,2,1,1,1,61650513,0.0,1.0,0.0,0.0,0.0,0.0,1.0,0.0,0.0,0.0
803,2,1,1,2,12113789,0.0,0.0,0.0,0.0,0.0,1.0,0.0,0.0,0.0,0.0
634,2,3,2,2,14786813,0.0,0.0,0.0,1.0,0.0,1.0,0.0,0.0,1.0,0.0
3503,1,3,2,2,65860233,0.0,0.0,0.0,1.0,0.0,1.0,1.0,0.0,0.0,0.0
3215,4,4,3,2,40179336,1.0,0.0,0.0,0.0,0.0,1.0,1.0,0.0,1.0,0.0
1787,5,3,1,0,22468932,0.0,0.0,1.0,0.0,0.0,1.0,0.0,1.0,0.0,1.0
3455,3,1,2,1,44357059,0.0,0.0,0.0,0.0,0.0,0.0,0.0,0.0,0.0,0.0
3206,2,2,2,3,50746221,0.0,1.0,0.0,0.0,0.0,1.0,0.0,1.0,0.0,0.0
2653,4,3,1,2,32624819,1.0,0.0,0.0,0.0,0.0,1.0,0.0,0.0,0.0,0.0
992,1,4,1,1,19956566,0.0,0.0,0.0,1.0,0.0,1.0,0.0,0.0,0.0,0.0
2444,1,1,2,3,31669579,0.0,0.0,0.0,0.0,0.0,0.0,0.0,0.0,0.0,0.0
651,2,4,1,0,9547957,0.0,0.0,1.0,0.0,0.0,1.0,1.0,0.0,0.0,1.0
3035,3,1,3,0,30442710,0.0,0.0,0.0,0.0,1.0,0.0,1.0,0.0,0.0,0.0
2109,2,4,1,0,25946058,1.0,0.0,0.0,0.0,0.0,0.0,1.0,0.0,0.0,1.0
3947,1,3,3,0,73636005,0.0,0.0,0.0,1.0,0.0,1.0,1.0,0.0,0.0,1.0
1514,3,2,3,3,20169288,1.0,0.0,0.0,0.0,0.0,1.0,0.0,0.0,0.0,0.0
840,1,4,2,3,15899113,0.0,1.0,0.0,0.0,0.0,0.0,1.0,0.0,0.0,0.0
2328,1,4,3,0,28435303,1.0,0.0,0.0,0.0,0.0,0.0,1.0,0.0,1.0,0.0
2901,3,1,2,3,28954656,0.0,0.0,0.0,0.0,1.0,1.0,0.0,0.0,0.0,0.0
1065,3,1,3,0,13552833,0.0,0.0,1.0,0.0,0.0,0.0,0.0,1.0,0.0,0.0
1863,5,3,3,2,21928218,0.0,0.0,0.0,0.0,1.0,1.0,1.0,0.0,1.0,0.0
3873,2,1,3,2,49345627,0.0,0.0,0.0,0.0,0.0,0.0,0.0,0.0,1.0,0.0
1669,5,4,3,3,29864367,0.0,1.0,0.0,0.0,0.0,1.0,1.0,0.0,1.0,0.0
664,2,4,1,2,8844958,0.0,0.0,0.0,0.0,1.0,1.0,1.0,0.0,0.0,1.0
1150,2,4,3,1,13977021,0.0,0.0,0.0,0.0,1.0,1.0,1.0,0.0,0.0,1.0
1880,5,3,2,1,26723125,0.0,0.0,0.0,0.0,0.0,0.0,0.0,1.0,1.0,0.0
3519,3,4,2,3,39520586,0.0,0.0,1.0,0.0,0.0,1.0,0.0,0.0,0.0,0.0
2559,1,3,1,2,25738121,0.0,0.0,0.0,0.0,1.0,1.0,1.0,0.0,0.0,1.0
3946,3,1,3,3,74618310,0.0,0.0,0.0,1.0,0.0,1.0,1.0,0.0,0.0,0.0
1484,1,4,2,3,24907142,0.0,1.0,0.0,0.0,0.0,1.0,1.0,0.0,0.0,1.0
3034,3,4,2,0,49407696,0.0,1.0,0.0,0.0,0.0,0.0,0.0,1.0,1.0,0.0
1163,3,1,2,2,15700018,1.0,0.0,0.0,0.0,0.0,0.0,1.0,0.0,1.0,0.0
1582,3,2,3,0,31834501,0.0,0.0,0.0,1.0,0.0,0.0,0.0,1.0,1.0,0.0
